,word,frequency
368,bridge-suspension,0.02539981185324553
1574,river-storm,0.009877704609595485
377,bridge-tsitsikamma,0.0051740357478833494
1359,mouth-river,0.0042333019755409216
365,bridge-storm,0.003292568203198495
1714,suspension-tsitsikamma,0.003292568203198495
1362,mouth-suspension,0.0028222013170272815
1478,otter-trail,0.0023518344308560675
1691,stormsriver-tsitsikamma,0.0023518344308560675
1404,nature-valley,0.0023518344308560675
1360,mouth-storm,0.0018814675446848542
1034,igersgardenroute-igerssouthafrica,0.0018814675446848542
654,dog-story,0.0018814675446848542
825,forest-tsitsikamma,0.0018814675446848542
1361,mouth-stormsriver,0.0014111006585136407
367,bridge-stormsrivermouth,0.0014111006585136407
905,gotta-lady,0.0014111006585136407
519,crossing-suspension,0.0014111006585136407
369,bridge-suspensionbridge,0.0014111006585136407
1688,stormsriver-suspension,0.0014111006585136407
376,bridge-tsitsikama,0.0014111006585136407
1751,travel-tsitsikamma,0.0014111006585136407
1372,myfeelgoodplace-wild,0.0014111006585136407
1587,roadtrip-travel,0.0014111006585136407
1585,road-tripping,0.0014111006585136407
549,dassie-hostile,0.0014111006585136407
1484,outeniquamountains-swartvlei,0.0014111006585136407
626,die-see,0.0014111006585136407
1096,jaxy-jumping,0.0009407337723424271
1099,jelly-small,0.0009407337723424271
762,favorite-hidden,0.0009407337723424271
1100,jim-story,0.0009407337723424271
1583,road-tour,0.0009407337723424271
1575,river-suspension,0.0009407337723424271
763,favorite-roll,0.0009407337723424271
1596,roll-star,0.0009407337723424271
1108,jumping-makeportraits,0.0009407337723424271
1112,jumpingjaxy-jumpshot,0.0009407337723424271
263,bird-pratchett,0.0009407337723424271
1556,rapala-shimano,0.0009407337723424271
1555,ralph-waldo,0.0009407337723424271
733,evening-friday,0.0009407337723424271
730,even-killing,0.0009407337723424271
1530,pratchett-terry,0.0009407337723424271
716,enjoy-spot,0.0009407337723424271
1095,janikalheit-submission,0.0009407337723424271
264,bird-silouette,0.0009407337723424271
784,first-time,0.0009407337723424271
175,bad-view,0.0009407337723424271
1043,igerssouthafrica-outeniquamountains,0.0009407337723424271
1045,igtravel-instapic,0.0009407337723424271
1046,igtravel-instatravel,0.0009407337723424271
835,forget-u,0.0009407337723424271
159,back-deep,0.0009407337723424271
829,foreversouthafrica-showmesouthafrica,0.0009407337723424271
161,back-lying,0.0009407337723424271
1653,silouette-swartvlei,0.0009407337723424271
826,forest-watching,0.0009407337723424271
1650,showmeknysna-southafricaletsme,0.0009407337723424271
1649,showmeknysna-showmesouthafrica,0.0009407337723424271
822,forest-naturesvalley,0.0009407337723424271
173,bad-spot,0.0009407337723424271
1643,shimano-tortflyfishing,0.0009407337723424271
1058,indian-ocean,0.0009407337723424271
788,fish-jelly,0.0009407337723424271
1059,indianocean-ocean,0.0009407337723424271
1635,seriously-tsitsikamma,0.0009407337723424271
1630,selfie-stick,0.0009407337723424271
1619,sea-stormy,0.0009407337723424271
1618,screenprinted-screenprints,0.0009407337723424271
799,flower-ralph,0.0009407337723424271
797,flower-laugh,0.0009407337723424271
1614,sch-viele,0.0009407337723424271
1080,instatravel-travel,0.0009407337723424271
791,fishing-sunset,0.0009407337723424271
710,emerson-waldo,0.0009407337723424271
211,bearthedog-pet,0.0009407337723424271
790,fishing-sarahcamgirl,0.0009407337723424271
1606,sarahcamgirl-ugenphotography,0.0009407337723424271
715,enjoy-evening,0.0009407337723424271
350,bridge-jumpingjaxy,0.0009407337723424271
709,emerson-patch,0.0009407337723424271
1162,lady-suspension,0.0009407337723424271
619,die-lekker,0.0009407337723424271
1415,naturesvalley-tsitsikamma,0.0009407337723424271
614,die-geswem,0.0009407337723424271
1238,live-terry,0.0009407337723424271
1403,nature-tsitsikamma,0.0009407337723424271
434,choose-doubt,0.0009407337723424271
435,choose-live,0.0009407337723424271
1243,london-never,0.0009407337723424271
1400,nature-tortflyfishing,0.0009407337723424271
1397,nature-sea,0.0009407337723424271
1246,lonely-tsitsikama,0.0009407337723424271
1255,looking-river,0.0009407337723424271
1385,natassjy-tsitsikamma,0.0009407337723424271
593,deep-tsitsikamma,0.0009407337723424271
582,day-tsitsikamma,0.0009407337723424271
466,coffeegrinder-dropshot,0.0009407337723424271
467,coffeegrinder-travel,0.0009407337723424271
580,day-trail,0.0009407337723424271
1268,love-people,0.0009407337723424271
1367,mud-rain,0.0009407337723424271
476,coming-jaxy,0.0009407337723424271
477,coming-stormsriver,0.0009407337723424271
1285,lying-madness,0.0009407337723424271
1289,madness-milky,0.0009407337723424271
1302,makeportraits-travelgram,0.0009407337723424271
524,dafrika-deins,0.0009407337723424271
532,daisy-patch,0.0009407337723424271
620,die-met,0.0009407337723424271
625,die-revier,0.0009407337723424271
1423,ne-sch,0.0009407337723424271
1467,ocean-water,0.0009407337723424271
1501,petsagram-petstagram,0.0009407337723424271
1500,pet-petstagram,0.0009407337723424271
1499,pet-petsagram,0.0009407337723424271
687,eastcoast-sea,0.0009407337723424271
680,earth-laugh,0.0009407337723424271
348,bridge-hiking,0.0009407337723424271
844,friday-spent,0.0009407337723424271
351,bridge-jumpshot,0.0009407337723424271
669,dropshot-sunset,0.0009407337723424271
354,bridge-nature,0.0009407337723424271
1468,ocean-wave,0.0009407337723424271
358,bridge-postcardsfromafrica,0.0009407337723424271
1196,left-mouth,0.0009407337723424271
1434,never-seen,0.0009407337723424271
1197,left-right,0.0009407337723424271
378,bridge-view,0.0009407337723424271
653,dog-never,0.0009407337723424271
381,bridging-suspension,0.0009407337723424271
652,dog-love,0.0009407337723424271
651,dog-dogstagram,0.0009407337723424271
650,dog-dogsofinstagram,0.0009407337723424271
385,bro-die,0.0009407337723424271
1211,life-live,0.0009407337723424271
1215,life-u,0.0009407337723424271
400,butcher-jim,0.0009407337723424271
1435,never-wrong,0.0009407337723424271
1039,igersgardenroute-southafricaletsme,0.0009407337723424271
531,daisy-igerssouthafrica,0.0009407337723424271
94,amy-right,0.0009407337723424271
96,angling-spot,0.0009407337723424271
866,gem-hidden,0.0009407337723424271
12,add-butcher,0.0009407337723424271
1787,waterfall-wednesday,0.0009407337723424271
940,hashtag-project,0.0009407337723424271
941,hashtag-week,0.0009407337723424271
97,angling-ugenphotography,0.0009407337723424271
1759,treated-view,0.0009407337723424271
977,hike-suspension,0.0009407337723424271
978,hike-today,0.0009407337723424271
1725,taking-unknown,0.0009407337723424271
1755,travelgram-wanderlust,0.0009407337723424271
1763,tsitsikamma-wave,0.0009407337723424271
53,ago-year,0.0009407337723424271
1752,travel-wanderlust,0.0009407337723424271
867,gem-janikalheit,0.0009407337723424271
1721,suspensionbridge-tsitsikamma,0.0009407337723424271
1023,human-non,0.0009407337723424271
937,hannah-sabrina,0.0009407337723424271
43,afternoon-late,0.0009407337723424271
21,adopt-story,0.0009407337723424271
20,adopt-bearthedog,0.0009407337723424271
19,adding-wrong,0.0009407337723424271
18,adding-dog,0.0009407337723424271
875,getting-treated,0.0009407337723424271
874,getting-hell,0.0009407337723424271
13,add-dog,0.0009407337723424271
1013,hpsahiddengems-project,0.0009407337723424271
1016,hpsaspontaneous-view,0.0009407337723424271
1704,submission-week,0.0009407337723424271
1712,suspension-trail,0.0009407337723424271
1786,waterfall-waterfallwednesday,0.0009407337723424271
870,geswem-lekker,0.0009407337723424271
7,accident-ya,0.0009407337723424271
982,hike-unknown,0.0009407337723424271
1710,suspension-thato,0.0009407337723424271
1687,stormsriver-stormsrivermouth,0.0009407337723424271
897,goodtimes-roadtrip,0.0009407337723424271
61,algoacountry-igersgardenroute,0.0009407337723424271
960,hell-hike,0.0009407337723424271
64,algoacountry-pet,0.0009407337723424271
1682,storm-tsitsikamma,0.0009407337723424271
896,goodtimes-rapala,0.0009407337723424271
1677,star-watching,0.0009407337723424271
1748,trail-waterfall,0.0009407337723424271
6,accident-near,0.0009407337723424271
58,algoacountry-dogsofinstagram,0.0009407337723424271
858,ga-thato,0.0009407337723424271
964,hibiscus-wild,0.0009407337723424271
1718,suspension-walk,0.0009407337723424271
67,algoafm-katzcamera,0.0009407337723424271
1689,stormsriver-suspensionbridge,0.0009407337723424271
1771,viele-zu,0.0009407337723424271
859,ga-ya,0.0009407337723424271
95,amy-sabrina,0.0009407337723424271
1221,light-trail,0.00047036688617121356
1222,lightening-night,0.00047036688617121356
968,hier-nicht,0.00047036688617121356
1236,little-river,0.00047036688617121356
1237,little-wrong,0.00047036688617121356
1220,light-strange,0.00047036688617121356
1235,listening-voice,0.00047036688617121356
1239,livetravelchannel-travelsa,0.00047036688617121356
1234,list-quickly,0.00047036688617121356
972,hike-morning,0.00047036688617121356
1223,lightening-storm,0.00047036688617121356
1224,lighter-year,0.00047036688617121356
1233,lining-zip,0.00047036688617121356
969,hier-te,0.00047036688617121356
1229,line-meant,0.00047036688617121356
971,hike-incredible,0.00047036688617121356
1225,like-quite,0.00047036688617121356
1226,like-running,0.00047036688617121356
1227,like-wesurvived,0.00047036688617121356
1232,lining-tsitsikamma,0.00047036688617121356
1228,like-world,0.00047036688617121356
1231,linetable-screenprintingclass,0.00047036688617121356
974,hike-plettenburgbay,0.00047036688617121356
1230,line-zip,0.00047036688617121356
973,hike-nice,0.00047036688617121356
970,highest-meter,0.00047036688617121356
1212,life-summer,0.00047036688617121356
975,hike-saltwaterriver,0.00047036688617121356
1195,left-magic,0.00047036688617121356
1201,lekker-tye,0.00047036688617121356
1200,lekker-revier,0.00047036688617121356
984,hikin-waterfall,0.00047036688617121356
1199,lekker-n,0.00047036688617121356
985,hiking-nature,0.00047036688617121356
1198,left-world,0.00047036688617121356
986,hiking-otter,0.00047036688617121356
1194,leave-worry,0.00047036688617121356
1219,lifeofadventure-vscosouthafrica,0.00047036688617121356
987,hiking-picture,0.00047036688617121356
988,hill-infested,0.00047036688617121356
1193,leave-want,0.00047036688617121356
1192,leave-savage,0.00047036688617121356
989,hill-lady,0.00047036688617121356
1191,leave-nikond,0.00047036688617121356
990,hill-morning,0.00047036688617121356
1202,lemme-take,0.00047036688617121356
1203,lemme-wait,0.00047036688617121356
1204,lesser-part,0.00047036688617121356
1205,lesser-spotted,0.00047036688617121356
1218,lifeisshort-lovesa,0.00047036688617121356
1217,lifeisgood-tsitsikamma,0.00047036688617121356
1216,life-wild,0.00047036688617121356
976,hike-stormsrivermouth,0.00047036688617121356
1214,life-tough,0.00047036688617121356
1213,life-throughout,0.00047036688617121356
1210,lieblingsfr-revier,0.00047036688617121356
1209,let-whats,0.00047036688617121356
1208,let-sometimes,0.00047036688617121356
1207,let-quote,0.00047036688617121356
1206,let-love,0.00047036688617121356
979,hike-trail,0.00047036688617121356
980,hike-travel,0.00047036688617121356
981,hike-tsitsikamma,0.00047036688617121356
983,hikin-summer,0.00047036688617121356
1240,living-relative,0.00047036688617121356
1037,igersgardenroute-sedgefield,0.00047036688617121356
1241,lle-road,0.00047036688617121356
1286,ma-river,0.00047036688617121356
1295,magic-portrait,0.00047036688617121356
1294,magic-place,0.00047036688617121356
1293,magic-make,0.00047036688617121356
1292,madness-wilderness,0.00047036688617121356
1291,madness-storm,0.00047036688617121356
1290,madness-river,0.00047036688617121356
1288,made-time,0.00047036688617121356
1287,maand-zuid,0.00047036688617121356
954,heaven-hidden,0.00047036688617121356
967,hier-ich,0.00047036688617121356
1284,luxus-nicht,0.00047036688617121356
1283,lush-madness,0.00047036688617121356
1282,lunch-view,0.00047036688617121356
1281,lucasmaree-rooiwyntjie,0.00047036688617121356
1280,lovetrail-nothing,0.00047036688617121356
1279,lovesa-stormsrivermouth,0.00047036688617121356
1278,lover-vscovintage,0.00047036688617121356
1277,lover-vscocamapp,0.00047036688617121356
1296,magic-right,0.00047036688617121356
1297,magic-spot,0.00047036688617121356
1298,make-nature,0.00047036688617121356
1299,make-office,0.00047036688617121356
950,heading-packing,0.00047036688617121356
1313,massive-place,0.00047036688617121356
1312,mascot-summer,0.00047036688617121356
951,hearing-weg,0.00047036688617121356
1311,mascot-nipple,0.00047036688617121356
1310,market-sedgefield,0.00047036688617121356
1309,marathon-running,0.00047036688617121356
1308,mar-tsitsikamma,0.00047036688617121356
952,heart-p,0.00047036688617121356
1307,manchmal-traumkulisse,0.00047036688617121356
1306,malgal-thebortex,0.00047036688617121356
1305,malgal-teamthick,0.00047036688617121356
1304,making-wilderness,0.00047036688617121356
1303,making-way,0.00047036688617121356
953,heart-stole,0.00047036688617121356
1301,makeportraits-portrait,0.00047036688617121356
1300,make-thee,0.00047036688617121356
1276,love-wednesday,0.00047036688617121356
1275,love-vscosouthafrica,0.00047036688617121356
1274,love-valley,0.00047036688617121356
1256,looking-upstream,0.00047036688617121356
1254,looking-open,0.00047036688617121356
1253,look-unreal,0.00047036688617121356
1252,look-part,0.00047036688617121356
1251,long-weekend,0.00047036688617121356
1190,leave-man,0.00047036688617121356
1250,long-suspension,0.00047036688617121356
1249,long-shoot,0.00047036688617121356
1248,long-nature,0.00047036688617121356
1247,long-meter,0.00047036688617121356
961,heute-trail,0.00047036688617121356
1245,lonely-morning,0.00047036688617121356
1244,lonely-longjourney,0.00047036688617121356
962,hey-lady,0.00047036688617121356
963,hi-suspension,0.00047036688617121356
1242,lle-st,0.00047036688617121356
965,hidden-place,0.00047036688617121356
966,hidden-stick,0.00047036688617121356
959,heinrich-nie,0.00047036688617121356
958,heinrich-neem,0.00047036688617121356
1273,love-tsitsikamma,0.00047036688617121356
957,heinrich-hou,0.00047036688617121356
1272,love-saying,0.00047036688617121356
1271,love-samsungs,0.00047036688617121356
1270,love-quote,0.00047036688617121356
955,heaven-stairway,0.00047036688617121356
1269,love-pose,0.00047036688617121356
956,height-kid,0.00047036688617121356
1267,love-natureza,0.00047036688617121356
1266,love-mushroom,0.00047036688617121356
1265,love-made,0.00047036688617121356
1264,lounge-w,0.00047036688617121356
1263,lounge-view,0.00047036688617121356
1262,lost-wood,0.00047036688617121356
1261,lost-touch,0.00047036688617121356
1260,lost-soul,0.00047036688617121356
1259,lost-pells,0.00047036688617121356
1258,loss-moss,0.00047036688617121356
1257,looking-wet,0.00047036688617121356
991,hill-training,0.00047036688617121356
1180,latepost-seat,0.00047036688617121356
992,hippie-plurfam,0.00047036688617121356
1091,ist-manchmal,0.00047036688617121356
1089,iphonography-sun,0.00047036688617121356
1088,iphonephotography-iphonography,0.00047036688617121356
1014,hpsaspontaneous-taking,0.00047036688617121356
1087,iphoneonly-iphonesia,0.00047036688617121356
1086,iphoneography-iphonephotography,0.00047036688617121356
1085,iphoneography-iphoneonly,0.00047036688617121356
1084,iphone-wild,0.00047036688617121356
1015,hpsaspontaneous-tempting,0.00047036688617121356
1083,iphone-trail,0.00047036688617121356
1082,iphone-millwood,0.00047036688617121356
1081,iphone-iphonesia,0.00047036688617121356
1017,hst-lieblingsfr,0.00047036688617121356
1079,instapic-scenery,0.00047036688617121356
1018,hub-leave,0.00047036688617121356
1078,instagod-walkway,0.00047036688617121356
1019,hub-vscofeed,0.00047036688617121356
1077,instagod-tsitzikama,0.00047036688617121356
1076,instafollow-instagramhub,0.00047036688617121356
1075,instafame-instago,0.00047036688617121356
1090,ist-luxus,0.00047036688617121356
1092,jacques-shoot,0.00047036688617121356
1189,le-wait,0.00047036688617121356
1093,jaibrooks-jamesyammouniofficial,0.00047036688617121356
1007,hou-nie,0.00047036688617121356
1111,jumping-strictly,0.00047036688617121356
1110,jumping-october,0.00047036688617121356
1109,jumping-meter,0.00047036688617121356
1008,hour-le,0.00047036688617121356
1009,hour-shit,0.00047036688617121356
1107,jozi-want,0.00047036688617121356
1106,jou-tot,0.00047036688617121356
1105,jou-lucasmaree,0.00047036688617121356
1104,jolbol-sedgefield,0.00047036688617121356
1103,jol-wait,0.00047036688617121356
1102,johnwesttuna-year,0.00047036688617121356
1101,johnwesttuna-le,0.00047036688617121356
1010,housesitting-tisers,0.00047036688617121356
1011,hpsahiddengems-milky,0.00047036688617121356
1012,hpsahiddengems-missing,0.00047036688617121356
1098,jbay-trip,0.00047036688617121356
1097,jbay-part,0.00047036688617121356
1094,jaibrooks-lukebrooksofficial,0.00047036688617121356
1074,instafame-instafollow,0.00047036688617121356
1073,instadaily-instapost,0.00047036688617121356
1072,insider-kapstadt,0.00047036688617121356
1071,insect-wing,0.00047036688617121356
1053,imabiteyourfaceoff-tsitsikamma,0.00047036688617121356
1028,hundred-year,0.00047036688617121356
1052,imabiteyourfaceoff-southafricanmadness,0.00047036688617121356
1029,hurt-near,0.00047036688617121356
1030,hurt-stomach,0.00047036688617121356
1051,iloveyou-roaring,0.00047036688617121356
1050,ilovewhereilive-tsitsikamma,0.00047036688617121356
1049,ilovewhereilive-travel,0.00047036688617121356
1048,iheartvsco-vscovibes,0.00047036688617121356
1047,iheartvsco-vscocamapp,0.00047036688617121356
1031,hurting-last,0.00047036688617121356
1032,hurting-still,0.00047036688617121356
1044,igerssouthafrica-tourismsa,0.00047036688617121356
1033,ich-ooooh,0.00047036688617121356
1042,igerssouthafrica-love,0.00047036688617121356
1041,igersoftheday-travel,0.00047036688617121356
1040,igersgardenroute-tagging,0.00047036688617121356
1035,igersgardenroute-makeportraits,0.00047036688617121356
1036,igersgardenroute-manigers,0.00047036688617121356
1027,hundred-many,0.00047036688617121356
1026,humble-people,0.00047036688617121356
1054,imagenpaulphoto-tsitsikamma,0.00047036688617121356
1021,huffpostgram-lifeofadventure,0.00047036688617121356
1070,insect-strange,0.00047036688617121356
1069,inhospitable-wild,0.00047036688617121356
1068,inhospitable-land,0.00047036688617121356
1020,hubby-walking,0.00047036688617121356
1067,infested-snake,0.00047036688617121356
1066,infection-soothe,0.00047036688617121356
1065,infection-since,0.00047036688617121356
1064,indico-waterfall,0.00047036688617121356
1063,indico-mar,0.00047036688617121356
1055,imcoming-many,0.00047036688617121356
1062,indianocean-tsitsikamma,0.00047036688617121356
1061,indianocean-storm,0.00047036688617121356
1060,indianocean-posing,0.00047036688617121356
1022,huffpostgram-thatlefthand,0.00047036688617121356
1057,indian-meet,0.00047036688617121356
1024,human-spread,0.00047036688617121356
1025,humble-kindest,0.00047036688617121356
1056,imcoming-nature,0.00047036688617121356
1113,jungle-lily,0.00047036688617121356
1114,jungle-naturesvalley,0.00047036688617121356
1115,jungle-rat,0.00047036688617121356
1153,knysnabos-knysnatoer,0.00047036688617121356
995,hit-k,0.00047036688617121356
996,hit-maybe,0.00047036688617121356
997,hit-run,0.00047036688617121356
1168,landscape-naturelovers,0.00047036688617121356
1167,landscape-missing,0.00047036688617121356
1166,land-said,0.00047036688617121356
1165,lagoon-spotted,0.00047036688617121356
1164,lagoon-nu,0.00047036688617121356
1163,lage-live,0.00047036688617121356
998,holiday-tsitsikamma,0.00047036688617121356
1161,l-w,0.00047036688617121356
1160,l-u,0.00047036688617121356
1159,kuiertjie-voor,0.00047036688617121356
1158,kuiertjie-nonsense,0.00047036688617121356
1157,koud-windwaai,0.00047036688617121356
1156,kof-warm,0.00047036688617121356
1155,kof-lekker,0.00047036688617121356
999,holiday-wine,0.00047036688617121356
1000,home-jozi,0.00047036688617121356
1169,landscape-scenery,0.00047036688617121356
1170,landscape-sedgefield,0.00047036688617121356
1171,landscape-storm,0.00047036688617121356
994,hippo-summer,0.00047036688617121356
1188,le-packed,0.00047036688617121356
1187,le-mouth,0.00047036688617121356
1186,lazyday-shesnotwell,0.00047036688617121356
993,hippo-milky,0.00047036688617121356
1185,lazyday-saturday,0.00047036688617121356
1184,laughed-tour,0.00047036688617121356
1183,laughed-till,0.00047036688617121356
1182,later-today,0.00047036688617121356
1181,later-part,0.00047036688617121356
1172,landscape-travelsouthafrica,0.00047036688617121356
1038,igersgardenroute-select,0.00047036688617121356
1179,latepost-moshabi,0.00047036688617121356
1178,late-vuurtjie,0.00047036688617121356
1177,late-tsitsikama,0.00047036688617121356
1176,last-weekend,0.00047036688617121356
1175,last-sunrise,0.00047036688617121356
1174,last-stretch,0.00047036688617121356
1173,last-minute,0.00047036688617121356
1154,knysnabos-meulbos,0.00047036688617121356
1152,knysna-travelphotography,0.00047036688617121356
1116,jungle-wild,0.00047036688617121356
1151,know-wilderness,0.00047036688617121356
1132,kiera-tzizikama,0.00047036688617121356
1131,kiera-nonsense,0.00047036688617121356
1130,kid-zip,0.00047036688617121356
1129,kick-weekend,0.00047036688617121356
1128,kelvidialu-thank,0.00047036688617121356
1127,kelvidialu-sharing,0.00047036688617121356
1126,keep-tagging,0.00047036688617121356
1125,keep-sharing,0.00047036688617121356
1124,katzcamera-sunset,0.00047036688617121356
1123,kathmandu-nepalearthquake,0.00047036688617121356
1005,hood-wilderness,0.00047036688617121356
1006,hostile-place,0.00047036688617121356
1314,massive-wild,0.00047036688617121356
1122,karges-mein,0.00047036688617121356
1121,kapstadt-privatetourguide,0.00047036688617121356
1120,kamera-nicht,0.00047036688617121356
1119,k-sydafrika,0.00047036688617121356
1118,jys-see,0.00047036688617121356
1117,jys-pragtig,0.00047036688617121356
1133,kill-poker,0.00047036688617121356
1134,kill-time,0.00047036688617121356
1135,killing-let,0.00047036688617121356
1003,home-tsitsikamma,0.00047036688617121356
1001,home-otter,0.00047036688617121356
1002,home-st,0.00047036688617121356
1150,km-thank,0.00047036688617121356
1149,km-tday,0.00047036688617121356
1148,km-spot,0.00047036688617121356
1147,km-run,0.00047036688617121356
1146,km-ovum,0.00047036688617121356
1145,km-lighter,0.00047036688617121356
1144,kindest-nicest,0.00047036688617121356
1004,hood-rolling,0.00047036688617121356
1143,kinders-pa,0.00047036688617121356
1142,kinders-klein,0.00047036688617121356
1141,kinda-strange,0.00047036688617121356
1140,killing-whats,0.00047036688617121356
1139,killing-tsitsikamma,0.00047036688617121356
1138,killing-suspension,0.00047036688617121356
1137,killing-suspense,0.00047036688617121356
1136,killing-shark,0.00047036688617121356
0,abandoned-boat,0.00047036688617121356
1366,much-tsitsikamma,0.00047036688617121356
1315,maybe-today,0.00047036688617121356
1669,southafricanmadness-thatwildlife,0.00047036688617121356
1637,shadeson-smile,0.00047036688617121356
1636,seun-trotseer,0.00047036688617121356
1634,selfieonabridge-stormsriver,0.00047036688617121356
1633,selfie-whiskey,0.00047036688617121356
1632,selfie-van,0.00047036688617121356
1631,selfie-take,0.00047036688617121356
1629,selfie-squad,0.00047036688617121356
1628,selfie-sister,0.00047036688617121356
1627,selected-sharynhodges,0.00047036688617121356
1626,see-sky,0.00047036688617121356
1625,sedgefield-wait,0.00047036688617121356
1624,sedgefield-vscosouthafrica,0.00047036688617121356
1623,sedgefield-swartvlei,0.00047036688617121356
1622,sedgefield-southafricathroughmyeyes,0.00047036688617121356
1621,seagull-travel,0.00047036688617121356
1620,sea-sunk,0.00047036688617121356
1617,screenprinted-screenprintingclass,0.00047036688617121356
1616,screaming-warning,0.00047036688617121356
1615,scream-suspension,0.00047036688617121356
1613,scary-spider,0.00047036688617121356
1612,saying-voice,0.00047036688617121356
1611,say-whattt,0.00047036688617121356
1610,say-thousand,0.00047036688617121356
1638,shadeson-vacaying,0.00047036688617121356
1639,shadow-valley,0.00047036688617121356
1640,shark-valley,0.00047036688617121356
1657,skip-wanted,0.00047036688617121356
1667,sound-wake,0.00047036688617121356
1666,soothe-used,0.00047036688617121356
1665,sooo-standingsplit,0.00047036688617121356
1664,song-view,0.00047036688617121356
1663,sondern-unterkunft,0.00047036688617121356
1662,sometimes-time,0.00047036688617121356
1661,smelling-waterfall,0.00047036688617121356
1660,small-waterfall,0.00047036688617121356
1659,slippery-suspension,0.00047036688617121356
1658,sleep-tight,0.00047036688617121356
1656,skat-vir,0.00047036688617121356
1641,shazzlepuff-spotted,0.00047036688617121356
1655,site-walked,0.00047036688617121356
1654,sister-vacaying,0.00047036688617121356
1652,side-tsitsikamma,0.00047036688617121356
1651,sibling-squad,0.00047036688617121356
1648,shot-stormsriver,0.00047036688617121356
1647,shortbase-teamthick,0.00047036688617121356
1646,shoot-walking,0.00047036688617121356
1645,shit-walked,0.00047036688617121356
1644,ship-sunk,0.00047036688617121356
1642,shedabombdiggity-stormsriver,0.00047036688617121356
1609,saturday-wilderness,0.00047036688617121356
1608,saturday-walking,0.00047036688617121356
1607,sashleigh-wesurvived,0.00047036688617121356
1562,really-want,0.00047036688617121356
1572,right-world,0.00047036688617121356
1571,right-start,0.00047036688617121356
1570,repeat-standing,0.00047036688617121356
1569,renierstoop-vir,0.00047036688617121356
1568,relax-timeout,0.00047036688617121356
1567,relax-sunny,0.00047036688617121356
1566,relax-summer,0.00047036688617121356
1565,regret-temporary,0.00047036688617121356
1564,redlips-smile,0.00047036688617121356
1563,really-weather,0.00047036688617121356
1561,ready-two,0.00047036688617121356
1576,river-travel,0.00047036688617121356
1560,rcplane-screenprinted,0.00047036688617121356
1559,rcpilot-rcplane,0.00047036688617121356
1558,ray-today,0.00047036688617121356
1557,rat-thing,0.00047036688617121356
1554,rain-word,0.00047036688617121356
1553,rain-water,0.00047036688617121356
1552,rad-trailrunning,0.00047036688617121356
1551,race-warm,0.00047036688617121356
1550,r-vi,0.00047036688617121356
1549,r-u,0.00047036688617121356
1573,river-salt,0.00047036688617121356
1577,river-waterfall,0.00047036688617121356
1605,sanparks-stormsriver,0.00047036688617121356
1593,rock-snake,0.00047036688617121356
1604,samsungs-suspension,0.00047036688617121356
1603,running-trail,0.00047036688617121356
1602,run-trail,0.00047036688617121356
1601,run-thebortex,0.00047036688617121356
1600,rsa-tsitsikamma,0.00047036688617121356
1599,rotse-valentynsdag,0.00047036688617121356
1598,rooiwyntjie-wait,0.00047036688617121356
1597,rolling-weather,0.00047036688617121356
1595,rock-upon,0.00047036688617121356
1594,rock-storm,0.00047036688617121356
1592,roaring-sea,0.00047036688617121356
1578,river-weekend,0.00047036688617121356
1591,roadtripforone-tsitsikamma,0.00047036688617121356
1590,roadtripforone-suspension,0.00047036688617121356
1589,roadtrip-tsitsikamma,0.00047036688617121356
1588,roadtrip-tripping,0.00047036688617121356
1586,road-walking,0.00047036688617121356
1584,road-trip,0.00047036688617121356
1582,road-sister,0.00047036688617121356
1581,road-side,0.00047036688617121356
1580,road-shot,0.00047036688617121356
1579,road-selfie,0.00047036688617121356
1668,southafricailvoeyou-survived,0.00047036688617121356
1670,spending-tsitsikamma,0.00047036688617121356
1316,meet-rugged,0.00047036688617121356
1671,spent-well,0.00047036688617121356
1765,tsitsikamma-year,0.00047036688617121356
1764,tsitsikamma-wild,0.00047036688617121356
1762,tsitsikamma-waterfalltrail,0.00047036688617121356
1761,tsitsikamma-walkin,0.00047036688617121356
1760,tsitsikamma-walk,0.00047036688617121356
1758,travelsouthafrica-tsitsikamma,0.00047036688617121356
1757,travelsa-wild,0.00047036688617121356
1756,travelphotography-wherecouldibenow,0.00047036688617121356
1754,travel-wilderness,0.00047036688617121356
1753,travel-wave,0.00047036688617121356
1750,traumkulisse-vor,0.00047036688617121356
1749,trancefamily-xperiaz,0.00047036688617121356
1747,tourismsa-travelphotography,0.00047036688617121356
1746,tourism-travelphotography,0.00047036688617121356
1745,totally-unreal,0.00047036688617121356
1744,tot-volg,0.00047036688617121356
1743,toll-tsitsikama,0.00047036688617121356
1742,today-view,0.00047036688617121356
1741,today-tsitsikamma,0.00047036688617121356
1740,today-tsitsikama,0.00047036688617121356
1739,time-view,0.00047036688617121356
1738,tied-wat,0.00047036688617121356
1737,throwback-tstikamma,0.00047036688617121356
1766,two-week,0.00047036688617121356
1767,tzizikama-weather,0.00047036688617121356
1768,valley-walked,0.00047036688617121356
1782,vscovintage-wait,0.00047036688617121356
1794,word-youarenotsantashelpers,0.00047036688617121356
1793,wild-write,0.00047036688617121356
1792,wild-worth,0.00047036688617121356
1791,wild-wilderness,0.00047036688617121356
1790,weekend-wild,0.00047036688617121356
1789,wednesday-wee,0.00047036688617121356
1788,waterfall-wee,0.00047036688617121356
1785,war-world,0.00047036688617121356
1784,wait-weekend,0.00047036688617121356
1783,waar-year,0.00047036688617121356
1781,vscophile-vscovibes,0.00047036688617121356
1769,valley-word,0.00047036688617121356
1780,vscophile-vscosouthafrica,0.00047036688617121356
1779,vscofeed-vscofilm,0.00047036688617121356
1778,vscocommons-vscovisuals,0.00047036688617121356
1777,vscocommons-vscoonly,0.00047036688617121356
1776,vscobest-vscosouthafrica,0.00047036688617121356
1775,vscobest-vscoonly,0.00047036688617121356
1774,vscoaward-vscovisuals,0.00047036688617121356
1773,view-worth,0.00047036688617121356
1772,view-weekend,0.00047036688617121356
1770,vandaag-vscosouthafrica,0.00047036688617121356
1736,throughout-trail,0.00047036688617121356
1735,thousand-word,0.00047036688617121356
1734,thing-wilderness,0.00047036688617121356
1685,storm-windmill,0.00047036688617121356
1699,strange-tsitsikamma,0.00047036688617121356
1698,stormyriver-travel,0.00047036688617121356
1697,stormy-weather,0.00047036688617121356
1696,stormsrivermouth-tsitsikamma,0.00047036688617121356
1695,stormsriver-world,0.00047036688617121356
1694,stormsriver-windy,0.00047036688617121356
1693,stormsriver-water,0.00047036688617121356
1692,stormsriver-tsitsikammanationalpark,0.00047036688617121356
1690,stormsriver-throwback,0.00047036688617121356
1686,storm-zamanidurdur,0.00047036688617121356
1684,storm-walk,0.00047036688617121356
1701,strutting-stuff,0.00047036688617121356
1683,storm-upstream,0.00047036688617121356
1681,stomach-till,0.00047036688617121356
1680,stole-thief,0.00047036688617121356
1679,stlucia-stormsriver,0.00047036688617121356
1678,start-thief,0.00047036688617121356
1676,standingsplit-struggle,0.00047036688617121356
1675,stairway-windmill,0.00047036688617121356
1674,spring-tsitsikamma,0.00047036688617121356
1673,spot-tsitsikama,0.00047036688617121356
1672,split-standing,0.00047036688617121356
1700,strike-waterfall,0.00047036688617121356
1702,strutting-tsitsikama,0.00047036688617121356
1733,thief-vleis,0.00047036688617121356
1720,suspension-wet,0.00047036688617121356
1732,thegardenroute-tsitsikamma,0.00047036688617121356
1731,thegardenroute-travel,0.00047036688617121356
1730,thank-tsitsikamma,0.00047036688617121356
1729,teasing-valley,0.00047036688617121356
1728,teamadventure-trail,0.00047036688617121356
1727,te-zien,0.00047036688617121356
1726,taking-whileyouareatwork,0.00047036688617121356
1724,swimming-waterfall,0.00047036688617121356
1723,swimming-trail,0.00047036688617121356
1722,sweat-tear,0.00047036688617121356
1719,suspension-walking,0.00047036688617121356
1703,stuff-suspension,0.00047036688617121356
1717,suspension-view,0.00047036688617121356
1716,suspension-type,0.00047036688617121356
1715,suspension-two,0.00047036688617121356
1713,suspension-travel,0.00047036688617121356
1711,suspension-time,0.00047036688617121356
1709,suspense-tsitsikamma,0.00047036688617121356
1708,sup-view,0.00047036688617121356
1707,sun-timeout,0.00047036688617121356
1706,sun-sunny,0.00047036688617121356
1705,summerevenings-wilderness,0.00047036688617121356
1548,quickly-thing,0.00047036688617121356
1547,queen-seen,0.00047036688617121356
1546,pulled-side,0.00047036688617121356
1545,puff-shark,0.00047036688617121356
1399,nature-spiderweb,0.00047036688617121356
1398,nature-southafricaza,0.00047036688617121356
1396,nature-scream,0.00047036688617121356
1395,nature-river,0.00047036688617121356
1394,nature-plett,0.00047036688617121356
1393,nature-outdoors,0.00047036688617121356
1392,nature-ocean,0.00047036688617121356
1391,nature-natureza,0.00047036688617121356
1390,nature-naturelovers,0.00047036688617121356
1389,nature-naturelover,0.00047036688617121356
1388,nature-natureboy,0.00047036688617121356
1387,natural-shazzlepuff,0.00047036688617121356
1386,national-th,0.00047036688617121356
1384,nappy-ocean,0.00047036688617121356
1383,naar-uitkijken,0.00047036688617121356
1382,n-wat,0.00047036688617121356
1381,n-view,0.00047036688617121356
1380,n-site,0.00047036688617121356
1379,n-selfie,0.00047036688617121356
1378,n-roete,0.00047036688617121356
1377,n-neem,0.00047036688617121356
1376,mysouthafricanskies-southafricathroughmyeyes,0.00047036688617121356
1375,mysouthafricanskies-road,0.00047036688617121356
1401,nature-travel,0.00047036688617121356
1402,nature-tsitsikama,0.00047036688617121356
1405,nature-wild,0.00047036688617121356
1419,naughty-teasing,0.00047036688617121356
1430,nepal-thought,0.00047036688617121356
1429,needone-zu,0.00047036688617121356
1428,needone-vacay,0.00047036688617121356
1427,near-waterfall,0.00047036688617121356
1426,near-watch,0.00047036688617121356
1425,near-thief,0.00047036688617121356
1424,near-storm,0.00047036688617121356
1422,ne-orte,0.00047036688617121356
1421,nay-yay,0.00047036688617121356
1420,nay-screenprints,0.00047036688617121356
1418,naturesvalley-zuidafrika,0.00047036688617121356
1406,nature-wilderness,0.00047036688617121356
1417,naturesvalley-valley,0.00047036688617121356
1416,naturesvalley-unpublished,0.00047036688617121356
1414,naturesvalley-today,0.00047036688617121356
1413,naturesvalley-southaf,0.00047036688617121356
1412,naturesvalley-scary,0.00047036688617121356
1411,naturesvalley-plettenburgbay,0.00047036688617121356
1410,naturelover-wild,0.00047036688617121356
1409,natureboy-thisisafrica,0.00047036688617121356
1408,nature-wrong,0.00047036688617121356
1407,nature-winter,0.00047036688617121356
1374,myoffice-travel,0.00047036688617121356
1373,myoffice-privatetours,0.00047036688617121356
1371,myfatyogi-pretend,0.00047036688617121356
1328,might-think,0.00047036688617121356
1338,mom-worry,0.00047036688617121356
1337,mom-swiperight,0.00047036688617121356
1336,mock-place,0.00047036688617121356
1335,miyazaki-sedgefield,0.00047036688617121356
1334,mit-porridge,0.00047036688617121356
1333,missingmyfriends-valentynsdag,0.00047036688617121356
1332,missing-place,0.00047036688617121356
1331,miss-nigga,0.00047036688617121356
1330,minute-packing,0.00047036688617121356
1329,mijn-ogen,0.00047036688617121356
1327,middle-ocean,0.00047036688617121356
1340,mommysboy-moshabi,0.00047036688617121356
1326,meulbos-millwood,0.00047036688617121356
1325,met-selfie,0.00047036688617121356
1324,met-poolchillings,0.00047036688617121356
1323,met-nepalearthquake,0.00047036688617121356
1322,men-woman,0.00047036688617121356
1321,men-plane,0.00047036688617121356
1320,memory-saturday,0.00047036688617121356
1319,mein-r,0.00047036688617121356
1318,meet-stormsriver,0.00047036688617121356
1317,meet-silly,0.00047036688617121356
1339,momentary-regret,0.00047036688617121356
1341,monday-morning,0.00047036688617121356
1370,mushroom-spotted,0.00047036688617121356
1354,mostbeautifulplaceinallseasons-winter,0.00047036688617121356
1369,mushroom-outdoor,0.00047036688617121356
1368,mud-stand,0.00047036688617121356
948,head-next,0.00047036688617121356
1365,much-sooo,0.00047036688617121356
1364,mr-naughty,0.00047036688617121356
1363,mouth-tsitsikamma,0.00047036688617121356
1358,mouth-property,0.00047036688617121356
1357,mouth-ooooh,0.00047036688617121356
1356,mountain-tsitsikamma,0.00047036688617121356
1355,mountain-ocean,0.00047036688617121356
1353,moss-used,0.00047036688617121356
1342,monday-run,0.00047036688617121356
1352,morning-xx,0.00047036688617121356
1351,morning-whileyouareatwork,0.00047036688617121356
1350,morning-view,0.00047036688617121356
1349,morning-suspension,0.00047036688617121356
1348,morning-southafricaza,0.00047036688617121356
1347,morning-sedgefield,0.00047036688617121356
1346,morning-run,0.00047036688617121356
1345,morning-rcpilot,0.00047036688617121356
1344,moreday-trailrunning,0.00047036688617121356
1343,moreday-soxrun,0.00047036688617121356
1431,nepalese-seriously,0.00047036688617121356
1432,nepalese-tragedy,0.00047036688617121356
1433,nervous-week,0.00047036688617121356
1507,picture-word,0.00047036688617121356
1517,plettenbergbaai-tsitsikamma,0.00047036688617121356
1516,plane-rc,0.00047036688617121356
1515,place-taking,0.00047036688617121356
1514,place-sunrise,0.00047036688617121356
1513,place-stormsriver,0.00047036688617121356
1512,place-rsa,0.00047036688617121356
1511,pilot-yay,0.00047036688617121356
1510,pilot-rc,0.00047036688617121356
1509,pile-waterfall,0.00047036688617121356
1508,pile-stone,0.00047036688617121356
1506,picture-pose,0.00047036688617121356
1519,popping-trace,0.00047036688617121356
1505,photography-xperiaz,0.00047036688617121356
1504,photographer-portrait,0.00047036688617121356
1503,photo-two,0.00047036688617121356
1502,photo-selected,0.00047036688617121356
1498,permanent-regret,0.00047036688617121356
1497,people-thought,0.00047036688617121356
1496,people-said,0.00047036688617121356
1495,people-rock,0.00047036688617121356
1494,peek-see,0.00047036688617121356
1493,peak-sneak,0.00047036688617121356
1518,poolchillings-wild,0.00047036688617121356
1520,portrait-zamanidurdur,0.00047036688617121356
1491,path-trail,0.00047036688617121356
1534,prevent-war,0.00047036688617121356
1544,proved-wrong,0.00047036688617121356
1543,promo-weather,0.00047036688617121356
1542,promo-shoot,0.00047036688617121356
1541,prohibited-strictly,0.00047036688617121356
1540,prohibited-stormsriver,0.00047036688617121356
1539,privilege-sleep,0.00047036688617121356
1538,privilege-row,0.00047036688617121356
1537,privatetourguide-privatetours,0.00047036688617121356
1536,printing-screen,0.00047036688617121356
1535,print-screen,0.00047036688617121356
1533,pretend-skip,0.00047036688617121356
1521,pose-strike,0.00047036688617121356
1532,pre-walk,0.00047036688617121356
1531,pre-race,0.00047036688617121356
1529,postcardsfromafrica-yelling,0.00047036688617121356
1528,postcardsfromafrica-wait,0.00047036688617121356
1527,postcardsfromafrica-tsitsikamma,0.00047036688617121356
1526,postcardsfromafrica-trying,0.00047036688617121356
1525,postcardsfromafrica-suspension,0.00047036688617121356
1524,postcardsfromafrica-see,0.00047036688617121356
1523,posing-thing,0.00047036688617121356
1522,pose-waterfall,0.00047036688617121356
1492,peach-wind,0.00047036688617121356
1490,partymode-whiskey,0.00047036688617121356
1436,ni-r,0.00047036688617121356
1448,nipple-silly,0.00047036688617121356
1458,ntee-vor,0.00047036688617121356
1457,nowhere-sup,0.00047036688617121356
1456,nothing-wrong,0.00047036688617121356
1455,nothing-view,0.00047036688617121356
1454,nothing-quite,0.00047036688617121356
1453,noord-volg,0.00047036688617121356
1452,noord-roete,0.00047036688617121356
1451,nofilterne-slippery,0.00047036688617121356
1450,nofilterne-photography,0.00047036688617121356
1449,nk-p,0.00047036688617121356
1447,nikond-wherecouldibenow,0.00047036688617121356
1460,nudibranch-shark,0.00047036688617121356
1446,night-spring,0.00047036688617121356
1445,night-spiderweb,0.00047036688617121356
1444,night-spider,0.00047036688617121356
1443,night-row,0.00047036688617121356
1442,nie-van,0.00047036688617121356
1441,nie-stick,0.00047036688617121356
1440,nicht-weg,0.00047036688617121356
1439,nicest-seriously,0.00047036688617121356
1438,nice-weather,0.00047036688617121356
1437,ni-sydafrika,0.00047036688617121356
1459,nu-r,0.00047036688617121356
1461,ocean-spent,0.00047036688617121356
1489,partymode-partytime,0.00047036688617121356
1476,otter-peak,0.00047036688617121356
1488,packed-year,0.00047036688617121356
1487,pa-seun,0.00047036688617121356
1486,p-vi,0.00047036688617121356
1485,ovum-walked,0.00047036688617121356
1483,outeniquamountains-sunset,0.00047036688617121356
1482,outdoor-running,0.00047036688617121356
1481,ouma-tsitsikamma,0.00047036688617121356
1480,ottertrail-sea,0.00047036688617121356
1479,otter-week,0.00047036688617121356
1477,otter-thank,0.00047036688617121356
1475,opiwaterfalls-wednesday,0.00047036688617121356
1462,ocean-stormsriver,0.00047036688617121356
1474,opiwaterfalls-pells,0.00047036688617121356
1473,onde-rio,0.00047036688617121356
1472,ogen-uitkijken,0.00047036688617121356
1471,office-tsitsikamma,0.00047036688617121356
1470,octopus-ray,0.00047036688617121356
1469,october-th,0.00047036688617121356
1466,ocean-unpublished,0.00047036688617121356
1465,ocean-two,0.00047036688617121356
1464,ocean-tsitsikamma,0.00047036688617121356
1463,ocean-tsitsikama,0.00047036688617121356
949,heading-home,0.00047036688617121356
898,gopro-goprooftheday,0.00047036688617121356
947,hayao-wild,0.00047036688617121356
290,blurry-little,0.00047036688617121356
314,bound-tsitsikamma,0.00047036688617121356
313,bound-imagenpaulphoto,0.00047036688617121356
312,bouncy-tsitsikamma,0.00047036688617121356
311,bouncy-bridge,0.00047036688617121356
310,bottom-look,0.00047036688617121356
309,bottom-gorge,0.00047036688617121356
308,boring-theweenknd,0.00047036688617121356
307,boring-dreadlock,0.00047036688617121356
306,bored-make,0.00047036688617121356
305,bored-friday,0.00047036688617121356
304,boo-people,0.00047036688617121356
303,boo-peek,0.00047036688617121356
302,bonitona-onde,0.00047036688617121356
301,bonitona-cachoeira,0.00047036688617121356
300,bongo-wilderness,0.00047036688617121356
299,bongo-man,0.00047036688617121356
298,bomb-totally,0.00047036688617121356
297,bomb-tisers,0.00047036688617121356
296,body-say,0.00047036688617121356
295,body-early,0.00047036688617121356
294,bobmarley-partytime,0.00047036688617121356
293,bob-dylan,0.00047036688617121356
292,bob-dream,0.00047036688617121356
315,boxing-ct,0.00047036688617121356
316,boxing-kick,0.00047036688617121356
317,boy-brave,0.00047036688617121356
330,braai-watch,0.00047036688617121356
340,bridge-bungy,0.00047036688617121356
339,breathtaking-place,0.00047036688617121356
338,breath-taking,0.00047036688617121356
337,breath-bridge,0.00047036688617121356
336,breaking-sound,0.00047036688617121356
335,breaking-ocean,0.00047036688617121356
334,brave-extinct,0.00047036688617121356
333,brausenden-wellen,0.00047036688617121356
332,brausenden-den,0.00047036688617121356
331,braceyourselves-weekend,0.00047036688617121356
329,braai-vleis,0.00047036688617121356
318,boy-ceega,0.00047036688617121356
328,braai-local,0.00047036688617121356
327,boy-valley,0.00047036688617121356
326,boy-suspension,0.00047036688617121356
325,boy-southaf,0.00047036688617121356
324,boy-sibling,0.00047036688617121356
323,boy-seat,0.00047036688617121356
322,boy-meropa,0.00047036688617121356
321,boy-meet,0.00047036688617121356
320,boy-little,0.00047036688617121356
319,boy-floating,0.00047036688617121356
291,boat-swartvlei,0.00047036688617121356
289,blurry-braceyourselves,0.00047036688617121356
342,bridge-conquered,0.00047036688617121356
288,bluegum-pine,0.00047036688617121356
259,bildchen-von,0.00047036688617121356
258,bildchen-kleines,0.00047036688617121356
257,bike-stormsriver,0.00047036688617121356
256,bike-mountain,0.00047036688617121356
255,bighairdontcare-workbeatz,0.00047036688617121356
254,bighairdontcare-filterforawhy,0.00047036688617121356
253,big-shoot,0.00047036688617121356
252,big-shedabombdiggity,0.00047036688617121356
251,big-boy,0.00047036688617121356
250,bf-heinrich,0.00047036688617121356
249,bf-hanging,0.00047036688617121356
248,better-get,0.00047036688617121356
247,better-feel,0.00047036688617121356
246,best-weekend,0.00047036688617121356
245,best-vscofilm,0.00047036688617121356
244,best-vscoaward,0.00047036688617121356
243,best-tripping,0.00047036688617121356
242,best-thefudgemaster,0.00047036688617121356
241,best-thee,0.00047036688617121356
240,best-suspensionbridge,0.00047036688617121356
239,best-stretch,0.00047036688617121356
238,best-part,0.00047036688617121356
237,best-ocean,0.00047036688617121356
260,bilder-die,0.00047036688617121356
261,bilder-ne,0.00047036688617121356
262,bird-hadainterestingone,0.00047036688617121356
277,blood-mud,0.00047036688617121356
287,blue-stormy,0.00047036688617121356
286,blue-red,0.00047036688617121356
285,blue-moody,0.00047036688617121356
284,blue-deep,0.00047036688617121356
283,blue-cloud,0.00047036688617121356
282,blue-bright,0.00047036688617121356
281,bloukransbridge-plettenbergbay,0.00047036688617121356
280,bloukransbridge-faceadrenalin,0.00047036688617121356
279,blood-sweat,0.00047036688617121356
278,blood-prevent,0.00047036688617121356
276,blood-loss,0.00047036688617121356
265,bird-yelling,0.00047036688617121356
275,blonde-wave,0.00047036688617121356
274,blonde-girl,0.00047036688617121356
273,blocking-road,0.00047036688617121356
272,blocking-elephant,0.00047036688617121356
271,blijf-mijn,0.00047036688617121356
270,blijf-ik,0.00047036688617121356
269,blackeverything-theweenknd,0.00047036688617121356
268,blackeverything-bobmarley,0.00047036688617121356
267,black-feel,0.00047036688617121356
266,black-dot,0.00047036688617121356
341,bridge-cold,0.00047036688617121356
343,bridge-cross,0.00047036688617121356
235,best-mum,0.00047036688617121356
411,capetownmag-hpsahiddengems,0.00047036688617121356
437,christmas-hearing,0.00047036688617121356
436,chris-training,0.00047036688617121356
433,chest-wait,0.00047036688617121356
432,chest-head,0.00047036688617121356
431,chemical-contain,0.00047036688617121356
430,check-ou,0.00047036688617121356
429,check-everyone,0.00047036688617121356
428,chayse-provincial,0.00047036688617121356
427,chayse-joshua,0.00047036688617121356
426,charlotteseden-sedgefield,0.00047036688617121356
425,chaos-wait,0.00047036688617121356
424,chaos-lost,0.00047036688617121356
423,chance-open,0.00047036688617121356
422,chance-enchantment,0.00047036688617121356
421,chameleon-knysna,0.00047036688617121356
420,chameleon-hiking,0.00047036688617121356
419,challenge-otter,0.00047036688617121356
418,challenge-early,0.00047036688617121356
417,ceega-godeeporgohome,0.00047036688617121356
416,caught-little,0.00047036688617121356
415,caught-know,0.00047036688617121356
414,capture-trying,0.00047036688617121356
413,capture-place,0.00047036688617121356
438,christmas-song,0.00047036688617121356
439,ck-hst,0.00047036688617121356
440,ck-porridge,0.00047036688617121356
453,closer-marathon,0.00047036688617121356
463,coastline-route,0.00047036688617121356
462,coastline-naturesvalley,0.00047036688617121356
461,co-sharynhodges,0.00047036688617121356
460,co-manigers,0.00047036688617121356
459,clue-since,0.00047036688617121356
458,clue-rc,0.00047036688617121356
457,cloud-mostbeautifulplaceinallseasons,0.00047036688617121356
456,cloud-moody,0.00047036688617121356
455,closest-living,0.00047036688617121356
454,closest-dassie,0.00047036688617121356
452,closer-get,0.00047036688617121356
441,class-printing,0.00047036688617121356
451,cliff-rock,0.00047036688617121356
450,client-since,0.00047036688617121356
449,client-mock,0.00047036688617121356
448,clench-existence,0.00047036688617121356
447,clench-ego,0.00047036688617121356
446,claus-mr,0.00047036688617121356
445,claus-fuckyouitschristmas,0.00047036688617121356
444,class-time,0.00047036688617121356
443,class-split,0.00047036688617121356
442,class-screenprints,0.00047036688617121356
412,capetownmag-igersgardenroute,0.00047036688617121356
410,canopytours-tsitsikamma,0.00047036688617121356
344,bridge-fav,0.00047036688617121356
409,canopytours-filter,0.00047036688617121356
379,bridge-vscosouthafrica,0.00047036688617121356
375,bridge-tsitsakamma,0.00047036688617121356
374,bridge-travel,0.00047036688617121356
373,bridge-trail,0.00047036688617121356
372,bridge-toomuchfun,0.00047036688617121356
371,bridge-thatwildlife,0.00047036688617121356
370,bridge-thatlefthand,0.00047036688617121356
366,bridge-stormsriver,0.00047036688617121356
364,bridge-selfieonabridge,0.00047036688617121356
363,bridge-selfie,0.00047036688617121356
362,bridge-say,0.00047036688617121356
361,bridge-running,0.00047036688617121356
360,bridge-road,0.00047036688617121356
359,bridge-rain,0.00047036688617121356
357,bridge-path,0.00047036688617121356
356,bridge-ocean,0.00047036688617121356
355,bridge-nice,0.00047036688617121356
353,bridge-natassjy,0.00047036688617121356
352,bridge-long,0.00047036688617121356
349,bridge-indian,0.00047036688617121356
347,bridge-highest,0.00047036688617121356
346,bridge-hang,0.00047036688617121356
345,bridge-followme,0.00047036688617121356
380,bridge-walk,0.00047036688617121356
382,bright-colour,0.00047036688617121356
383,bright-miss,0.00047036688617121356
397,bungy-warning,0.00047036688617121356
408,camping-travel,0.00047036688617121356
407,camp-fell,0.00047036688617121356
406,camp-elizabeth,0.00047036688617121356
405,call-tour,0.00047036688617121356
404,call-laughing,0.00047036688617121356
403,cachoeira-essa,0.00047036688617121356
402,butt-view,0.00047036688617121356
401,butt-end,0.00047036688617121356
399,bungyjumping-plettenbergbay,0.00047036688617121356
398,bungy-world,0.00047036688617121356
396,bungy-trace,0.00047036688617121356
384,bringiton-government,0.00047036688617121356
395,bungee-survived,0.00047036688617121356
394,bungee-bungyjumping,0.00047036688617121356
393,bumping-river,0.00047036688617121356
392,bumping-meropa,0.00047036688617121356
391,bug-red,0.00047036688617121356
390,bug-insect,0.00047036688617121356
389,bucket-thing,0.00047036688617121356
388,bucket-fucket,0.00047036688617121356
387,broken-trail,0.00047036688617121356
386,broken-ready,0.00047036688617121356
236,best-nature,0.00047036688617121356
234,best-iloveyou,0.00047036688617121356
465,coastline-wild,0.00047036688617121356
66,algoacountry-wild,0.00047036688617121356
91,amazing-tday,0.00047036688617121356
90,amazing-life,0.00047036688617121356
89,amazing-day,0.00047036688617121356
88,amazing-bridge,0.00047036688617121356
87,alweer-vandaag,0.00047036688617121356
86,alweer-een,0.00047036688617121356
85,always-wanted,0.00047036688617121356
84,always-much,0.00047036688617121356
83,always-hated,0.00047036688617121356
82,always-eastcoast,0.00047036688617121356
81,also-used,0.00047036688617121356
80,also-moss,0.00047036688617121356
79,along-walkway,0.00047036688617121356
78,along-storm,0.00047036688617121356
77,along-forest,0.00047036688617121356
76,along-deserted,0.00047036688617121356
75,along-cliff,0.00047036688617121356
74,along-clambering,0.00047036688617121356
73,almost-fella,0.00047036688617121356
72,almost-extinct,0.00047036688617121356
71,allworthit-tsitsikamma,0.00047036688617121356
70,allworthit-angry,0.00047036688617121356
69,alle-naar,0.00047036688617121356
92,amazing-tied,0.00047036688617121356
93,amazing-view,0.00047036688617121356
98,angry-another,0.00047036688617121356
111,anti-chemical,0.00047036688617121356
121,arm-kissing,0.00047036688617121356
120,arm-dragmire,0.00047036688617121356
119,arena-place,0.00047036688617121356
118,arena-grand,0.00047036688617121356
117,archetype-world,0.00047036688617121356
116,archetype-dominant,0.00047036688617121356
115,appreciated-pim,0.00047036688617121356
114,appreciated-le,0.00047036688617121356
113,apenas-soxrun,0.00047036688617121356
112,apenas-doi,0.00047036688617121356
110,anti-bacterial,0.00047036688617121356
99,angry-bird,0.00047036688617121356
109,another-postcardsfromafrica,0.00047036688617121356
108,another-indianocean,0.00047036688617121356
107,another-crazy,0.00047036688617121356
106,another-charlotteseden,0.00047036688617121356
105,another-beach,0.00047036688617121356
104,anniversary-mommysboy,0.00047036688617121356
103,anniversary-big,0.00047036688617121356
102,animal-human,0.00047036688617121356
101,animal-everyone,0.00047036688617121356
100,angry-jungle,0.00047036688617121356
68,alle-mooie,0.00047036688617121356
65,algoacountry-swartvlei,0.00047036688617121356
123,around-salt,0.00047036688617121356
63,algoacountry-nk,0.00047036688617121356
32,affected-crazy,0.00047036688617121356
31,afbsox-savage,0.00047036688617121356
30,afbsox-bringiton,0.00047036688617121356
29,aerialartist-theresec,0.00047036688617121356
28,aerialartist-spent,0.00047036688617121356
27,adventureswithmyhubby-waterfalltrail,0.00047036688617121356
26,adventureswithmyhubby-toolegittoquit,0.00047036688617121356
25,adventure-sun,0.00047036688617121356
24,adventure-hiking,0.00047036688617121356
23,adult-take,0.00047036688617121356
22,adult-meant,0.00047036688617121356
17,adder-shark,0.00047036688617121356
16,adder-puff,0.00047036688617121356
15,added-tsitsikamma,0.00047036688617121356
14,added-thing,0.00047036688617121356
11,activity-shot,0.00047036688617121356
10,activity-full,0.00047036688617121356
9,across-walking,0.00047036688617121356
8,across-local,0.00047036688617121356
5,absolutely-wing,0.00047036688617121356
4,absolutely-tsitsakamma,0.00047036688617121356
3,absolutely-incredible,0.00047036688617121356
2,absolutely-breathtaking,0.00047036688617121356
33,affected-people,0.00047036688617121356
34,afria-photographer,0.00047036688617121356
35,afria-thisisafrica,0.00047036688617121356
49,afterrunning-beach,0.00047036688617121356
62,algoacountry-katzcamera,0.00047036688617121356
60,algoacountry-hpsahiddengems,0.00047036688617121356
59,algoacountry-doubt,0.00047036688617121356
57,al-vir,0.00047036688617121356
56,al-die,0.00047036688617121356
55,ahd-make,0.00047036688617121356
54,ahd-fku,0.00047036688617121356
52,ago-today,0.00047036688617121356
51,ago-ship,0.00047036688617121356
50,afterrunning-friend,0.00047036688617121356
48,afternoon-wine,0.00047036688617121356
36,afrika-die,0.00047036688617121356
47,afternoon-today,0.00047036688617121356
46,afternoon-teamadventure,0.00047036688617121356
45,afternoon-spot,0.00047036688617121356
44,afternoon-poker,0.00047036688617121356
42,afternoon-beach,0.00047036688617121356
41,aftermath-storm,0.00047036688617121356
40,aftermath-like,0.00047036688617121356
39,afrika-zuid,0.00047036688617121356
38,afrika-sis,0.00047036688617121356
37,afrika-popping,0.00047036688617121356
122,around-chris,0.00047036688617121356
124,arrived-nature,0.00047036688617121356
233,best-fudge,0.00047036688617121356
181,bala-completely,0.00047036688617121356
205,beach-sedgefield,0.00047036688617121356
204,beach-plett,0.00047036688617121356
203,beach-ocean,0.00047036688617121356
202,beach-naturesvalley,0.00047036688617121356
201,beach-missing,0.00047036688617121356
200,beach-lush,0.00047036688617121356
199,beach-koud,0.00047036688617121356
198,beach-jolbol,0.00047036688617121356
197,beach-fotd,0.00047036688617121356
196,beach-deserted,0.00047036688617121356
195,beach-day,0.00047036688617121356
194,beach-cloud,0.00047036688617121356
193,beach-clambering,0.00047036688617121356
192,beach-bird,0.00047036688617121356
191,bay-longjourney,0.00047036688617121356
190,bay-francis,0.00047036688617121356
189,barefoot-nudibranch,0.00047036688617121356
188,bandit-jungle,0.00047036688617121356
187,bandit-barefoot,0.00047036688617121356
186,bandage-used,0.00047036688617121356
185,bandage-first,0.00047036688617121356
184,bananen-mit,0.00047036688617121356
183,bananen-erdbeeren,0.00047036688617121356
206,beach-summer,0.00047036688617121356
207,beach-valley,0.00047036688617121356
208,beach-walk,0.00047036688617121356
222,behold-sloppysaturday,0.00047036688617121356
232,best-experience,0.00047036688617121356
231,best-braai,0.00047036688617121356
230,bereits-orte,0.00047036688617121356
229,bench-sitting,0.00047036688617121356
228,bench-lagoon,0.00047036688617121356
227,believe-two,0.00047036688617121356
226,believe-impossib,0.00047036688617121356
225,beleven-zijn,0.00047036688617121356
224,beleven-zien,0.00047036688617121356
223,behold-suspension,0.00047036688617121356
221,behind-leave,0.00047036688617121356
209,beach-weather,0.00047036688617121356
220,behind-last,0.00047036688617121356
219,beginning-trail,0.00047036688617121356
218,beginning-camping,0.00047036688617121356
217,beauty-rainy,0.00047036688617121356
216,beauty-hidden,0.00047036688617121356
215,beautiful-word,0.00047036688617121356
214,beautiful-shot,0.00047036688617121356
213,beaupeterbrooks-screaming,0.00047036688617121356
212,beaupeterbrooks-lukebrooksofficial,0.00047036688617121356
210,beach-write,0.00047036688617121356
182,bala-light,0.00047036688617121356
180,bag-trail,0.00047036688617121356
125,arrived-winter,0.00047036688617121356
179,bag-km,0.00047036688617121356
148,aufnehmen-kann,0.00047036688617121356
147,auf-dieser,0.00047036688617121356
146,auf-bereits,0.00047036688617121356
145,attractive-foreigner,0.00047036688617121356
144,attractive-detectahotel,0.00047036688617121356
143,asleep-wake,0.00047036688617121356
142,asleep-next,0.00047036688617121356
141,asleep-fell,0.00047036688617121356
140,asleep-falling,0.00047036688617121356
139,ashdiaries-style,0.00047036688617121356
138,ashdiaries-roadtrip,0.00047036688617121356
137,as-toolegittoquit,0.00047036688617121356
136,as-still,0.00047036688617121356
135,as-near,0.00047036688617121356
134,as-laughing,0.00047036688617121356
133,as-kicked,0.00047036688617121356
132,as-hey,0.00047036688617121356
131,as-freezing,0.00047036688617121356
130,as-even,0.00047036688617121356
129,as-day,0.00047036688617121356
128,as-bright,0.00047036688617121356
127,arum-wildflower,0.00047036688617121356
126,arum-bridge,0.00047036688617121356
149,aufnehmen-nicht,0.00047036688617121356
150,austattung-die,0.00047036688617121356
151,austattung-einer,0.00047036688617121356
166,bacterial-property,0.00047036688617121356
178,bad-winter,0.00047036688617121356
177,bad-week,0.00047036688617121356
176,bad-waterfall,0.00047036688617121356
174,bad-stlucia,0.00047036688617121356
172,bad-name,0.00047036688617121356
171,bad-lunch,0.00047036688617121356
170,bad-lifeisshort,0.00047036688617121356
169,bad-lifeisgood,0.00047036688617121356
168,bad-given,0.00047036688617121356
167,bad-day,0.00047036688617121356
165,back-world,0.00047036688617121356
152,awesome-bluegum,0.00047036688617121356
164,back-wild,0.00047036688617121356
163,back-way,0.00047036688617121356
162,back-tripping,0.00047036688617121356
160,back-home,0.00047036688617121356
158,back-ct,0.00047036688617121356
157,baboon-whattt,0.00047036688617121356
156,baboon-stormyriver,0.00047036688617121356
155,baboon-stand,0.00047036688617121356
154,baboon-haha,0.00047036688617121356
153,awesome-dive,0.00047036688617121356
464,coastline-tsitsikamma,0.00047036688617121356
468,cold-joshua,0.00047036688617121356
946,hayao-miyazaki,0.00047036688617121356
764,favourite-photo,0.00047036688617121356
792,five-trail,0.00047036688617121356
789,fish-small,0.00047036688617121356
787,fish-followed,0.00047036688617121356
786,first-world,0.00047036688617121356
785,first-trail,0.00047036688617121356
783,first-think,0.00047036688617121356
782,first-looking,0.00047036688617121356
781,filterforawhy-gorge,0.00047036688617121356
780,filter-word,0.00047036688617121356
779,fernery-r,0.00047036688617121356
778,fernery-p,0.00047036688617121356
777,felt-impossib,0.00047036688617121356
776,feller-undies,0.00047036688617121356
775,feller-say,0.00047036688617121356
774,fella-little,0.00047036688617121356
773,feel-view,0.00047036688617121356
772,feel-kinda,0.00047036688617121356
771,feel-insignificant,0.00047036688617121356
770,feared-name,0.00047036688617121356
769,fear-temporary,0.00047036688617121356
768,fear-momentary,0.00047036688617121356
767,fear-forget,0.00047036688617121356
766,fear-forever,0.00047036688617121356
793,fku-flu,0.00047036688617121356
794,floating-middle,0.00047036688617121356
795,floating-travel,0.00047036688617121356
810,followme-sanparks,0.00047036688617121356
820,forest-monster,0.00047036688617121356
819,forest-meet,0.00047036688617121356
818,forest-lush,0.00047036688617121356
817,forest-holiday,0.00047036688617121356
816,forest-hike,0.00047036688617121356
815,forest-hidden,0.00047036688617121356
814,foreigner-pine,0.00047036688617121356
813,forehead-listening,0.00047036688617121356
812,forehead-kissing,0.00047036688617121356
811,food-morning,0.00047036688617121356
809,followed-walk,0.00047036688617121356
796,flower-flowerporn,0.00047036688617121356
808,fly-woman,0.00047036688617121356
807,fly-rc,0.00047036688617121356
806,flu-waterfall,0.00047036688617121356
805,flowerstagram-wildflower,0.00047036688617121356
804,flowerporn-flowerstagram,0.00047036688617121356
803,flower-tourism,0.00047036688617121356
802,flower-sneak,0.00047036688617121356
801,flower-smelling,0.00047036688617121356
800,flower-small,0.00047036688617121356
798,flower-lily,0.00047036688617121356
765,favourite-select,0.00047036688617121356
761,fav-stormsriver,0.00047036688617121356
823,forest-ocean,0.00047036688617121356
760,fashion-style,0.00047036688617121356
732,even-today,0.00047036688617121356
731,even-pose,0.00047036688617121356
729,even-height,0.00047036688617121356
728,even-felt,0.00047036688617121356
727,ett-hit,0.00047036688617121356
726,ett-fantastiskt,0.00047036688617121356
725,especially-time,0.00047036688617121356
724,especially-excited,0.00047036688617121356
723,escape-tough,0.00047036688617121356
722,escape-ever,0.00047036688617121356
721,erdbeeren-und,0.00047036688617121356
720,environment-sharynhodges,0.00047036688617121356
719,environment-natural,0.00047036688617121356
718,enough-pose,0.00047036688617121356
717,enough-nice,0.00047036688617121356
714,end-natassjy,0.00047036688617121356
713,encontra-rio,0.00047036688617121356
712,encontra-mar,0.00047036688617121356
711,enchantment-stumble,0.00047036688617121356
708,embraced-weather,0.00047036688617121356
707,embraced-glad,0.00047036688617121356
706,em-storm,0.00047036688617121356
705,elizabeth-port,0.00047036688617121356
734,ever-failure,0.00047036688617121356
735,ever-met,0.00047036688617121356
736,ever-mum,0.00047036688617121356
749,exploring-stormsriver,0.00047036688617121356
759,fashion-redlips,0.00047036688617121356
758,farmer-running,0.00047036688617121356
757,farmer-market,0.00047036688617121356
756,fantastiskt-st,0.00047036688617121356
755,falling-love,0.00047036688617121356
754,facing-vscosouthafrica,0.00047036688617121356
753,facing-fear,0.00047036688617121356
752,faceadrenalin-permanent,0.00047036688617121356
751,f-r,0.00047036688617121356
750,f-heute,0.00047036688617121356
748,exploring-funthough,0.00047036688617121356
737,ever-people,0.00047036688617121356
747,exploregardenroute-tsitsikamma,0.00047036688617121356
746,explore-livetravelchannel,0.00047036688617121356
745,experience-zip,0.00047036688617121356
744,experience-marshmallow,0.00047036688617121356
743,experience-food,0.00047036688617121356
742,excited-research,0.00047036688617121356
741,excited-nervous,0.00047036688617121356
740,excited-leave,0.00047036688617121356
739,everywhere-seagull,0.00047036688617121356
738,ever-tstikamma,0.00047036688617121356
821,forest-nature,0.00047036688617121356
824,forest-stormsriver,0.00047036688617121356
703,einer-unterkunft,0.00047036688617121356
889,glimpsed-storm,0.00047036688617121356
916,great-photo,0.00047036688617121356
915,great-ous,0.00047036688617121356
914,grand-insignificant,0.00047036688617121356
913,grab-time,0.00047036688617121356
912,grab-mountain,0.00047036688617121356
911,gr-und,0.00047036688617121356
910,gr-ntee,0.00047036688617121356
909,government-morning,0.00047036688617121356
908,gotta-workbeatz,0.00047036688617121356
907,gotta-ou,0.00047036688617121356
906,gotta-leave,0.00047036688617121356
904,gorge-suspension,0.00047036688617121356
903,gorge-sky,0.00047036688617121356
902,gorge-river,0.00047036688617121356
901,gorge-ous,0.00047036688617121356
900,goprooftheday-plurfam,0.00047036688617121356
899,gopro-igersoftheday,0.00047036688617121356
1,abandoned-dylan,0.00047036688617121356
895,gonna-hater,0.00047036688617121356
894,gonna-hate,0.00047036688617121356
893,going-travel,0.00047036688617121356
892,going-stumble,0.00047036688617121356
891,going-nowhere,0.00047036688617121356
917,groovy-leave,0.00047036688617121356
918,groovy-saltwaterriver,0.00047036688617121356
919,grumpy-grumpycat,0.00047036688617121356
932,hanging-jumping,0.00047036688617121356
945,hater-shortbase,0.00047036688617121356
944,hate-thefudgemaster,0.00047036688617121356
943,hate-selfie,0.00047036688617121356
942,hate-love,0.00047036688617121356
939,hard-type,0.00047036688617121356
938,hard-stormsriver,0.00047036688617121356
936,hannah-lady,0.00047036688617121356
935,hannah-kicked,0.00047036688617121356
934,hanging-sharynhodges,0.00047036688617121356
933,hanging-postcardsfromafrica,0.00047036688617121356
931,hang-walkin,0.00047036688617121356
920,grumpy-ocean,0.00047036688617121356
930,hakunamatata-swiperight,0.00047036688617121356
929,haha-rad,0.00047036688617121356
928,hadainterestingone-word,0.00047036688617121356
927,guy-little,0.00047036688617121356
926,guy-jol,0.00047036688617121356
925,guy-housesitting,0.00047036688617121356
924,guy-hike,0.00047036688617121356
923,guitar-shark,0.00047036688617121356
922,guitar-octopus,0.00047036688617121356
921,grumpycat-selfie,0.00047036688617121356
890,goeietye-pragtig,0.00047036688617121356
888,glimpsed-might,0.00047036688617121356
827,forever-regret,0.00047036688617121356
887,glad-much,0.00047036688617121356
853,fudge-side,0.00047036688617121356
852,fudge-never,0.00047036688617121356
851,fudge-marshmallow,0.00047036688617121356
850,fuckyouitschristmas-youarenotsantashelpers,0.00047036688617121356
849,fucket-list,0.00047036688617121356
848,front-hubby,0.00047036688617121356
847,friend-summerevenings,0.00047036688617121356
846,friend-sloppysaturday,0.00047036688617121356
845,friend-memory,0.00047036688617121356
843,friday-instadaily,0.00047036688617121356
842,freezing-southafricailvoeyou,0.00047036688617121356
841,freespirit-hippie,0.00047036688617121356
840,francis-st,0.00047036688617121356
839,france-seen,0.00047036688617121356
838,france-never,0.00047036688617121356
837,foto-knysnatoer,0.00047036688617121356
836,fotd-instapic,0.00047036688617121356
834,forget-tight,0.00047036688617121356
833,forget-never,0.00047036688617121356
832,forget-meter,0.00047036688617121356
831,forget-lush,0.00047036688617121356
830,forget-live,0.00047036688617121356
828,foreversouthafrica-hidden,0.00047036688617121356
854,full-pim,0.00047036688617121356
855,funthough-take,0.00047036688617121356
856,fynbos-insect,0.00047036688617121356
876,gettingasummervibe-missingmyfriends,0.00047036688617121356
886,given-touch,0.00047036688617121356
885,girl-wood,0.00047036688617121356
884,girl-tsitsikamma,0.00047036688617121356
883,giiirl-windwaai,0.00047036688617121356
882,giiirl-rotse,0.00047036688617121356
881,gigantic-struggle,0.00047036688617121356
880,gigantic-hated,0.00047036688617121356
879,gevlogen-voorbij,0.00047036688617121356
878,gevlogen-ik,0.00047036688617121356
877,gettingasummervibe-vacay,0.00047036688617121356
873,get-wet,0.00047036688617121356
857,fynbos-stormsriver,0.00047036688617121356
872,get-ottertrail,0.00047036688617121356
871,get-lost,0.00047036688617121356
869,gesehen-zu,0.00047036688617121356
868,gesehen-reise,0.00047036688617121356
865,gate-toll,0.00047036688617121356
864,gate-last,0.00047036688617121356
863,garden-rugged,0.00047036688617121356
862,garden-route,0.00047036688617121356
861,gang-stormsriver,0.00047036688617121356
860,gang-italian,0.00047036688617121356
704,elephant-relative,0.00047036688617121356
702,eine-kamera,0.00047036688617121356
469,cold-myfeelgoodplace,0.00047036688617121356
525,dafrika-explore,0.00047036688617121356
552,dassie-part,0.00047036688617121356
551,dassie-morning,0.00047036688617121356
550,dassie-lovesa,0.00047036688617121356
548,dashed-upon,0.00047036688617121356
547,dashed-sea,0.00047036688617121356
546,dash-right,0.00047036688617121356
545,dash-nappy,0.00047036688617121356
544,danwonders-tsitsikammanationalpark,0.00047036688617121356
543,danwonders-moss,0.00047036688617121356
542,dankie-skat,0.00047036688617121356
541,dankie-renierstoop,0.00047036688617121356
540,dankie-lovesa,0.00047036688617121356
539,dankie-knysnabos,0.00047036688617121356
538,danielskip-pulled,0.00047036688617121356
537,danielskip-jamesyammouniofficial,0.00047036688617121356
536,danger-worth,0.00047036688617121356
535,danger-proved,0.00047036688617121356
534,damned-undies,0.00047036688617121356
533,damned-queen,0.00047036688617121356
530,dagenpr-view,0.00047036688617121356
529,dagenpr-plettenbergbaai,0.00047036688617121356
528,dag-lekker,0.00047036688617121356
527,dag-die,0.00047036688617121356
553,dassie-xx,0.00047036688617121356
554,dawn-light,0.00047036688617121356
555,dawn-monster,0.00047036688617121356
568,day-otter,0.00047036688617121356
578,day-theresec,0.00047036688617121356
577,day-tear,0.00047036688617121356
576,day-spent,0.00047036688617121356
575,day-spending,0.00047036688617121356
574,day-sitting,0.00047036688617121356
573,day-sashleigh,0.00047036688617121356
572,day-rainy,0.00047036688617121356
571,day-rain,0.00047036688617121356
570,day-r,0.00047036688617121356
569,day-pic,0.00047036688617121356
567,day-leave,0.00047036688617121356
556,dawn-shoot,0.00047036688617121356
566,day-last,0.00047036688617121356
565,day-km,0.00047036688617121356
564,day-italian,0.00047036688617121356
563,day-hiking,0.00047036688617121356
562,day-hike,0.00047036688617121356
561,day-hi,0.00047036688617121356
560,day-girl,0.00047036688617121356
559,day-five,0.00047036688617121356
558,day-even,0.00047036688617121356
557,dawn-wave,0.00047036688617121356
526,dafrika-insider,0.00047036688617121356
523,da-nigga,0.00047036688617121356
581,day-trip,0.00047036688617121356
522,da-goeietye,0.00047036688617121356
494,crafford-wednesday,0.00047036688617121356
493,crafford-jacques,0.00047036688617121356
492,course-never,0.00047036688617121356
491,course-kathmandu,0.00047036688617121356
490,country-leave,0.00047036688617121356
489,country-first,0.00047036688617121356
488,converse-suspension,0.00047036688617121356
487,converse-rock,0.00047036688617121356
486,control-term,0.00047036688617121356
485,control-outdoors,0.00047036688617121356
484,contribution-stone,0.00047036688617121356
483,contribution-river,0.00047036688617121356
482,contain-since,0.00047036688617121356
481,conquered-small,0.00047036688617121356
480,conhecer-pra,0.00047036688617121356
479,conhecer-essa,0.00047036688617121356
478,completely-gutted,0.00047036688617121356
475,colour-weekend,0.00047036688617121356
474,colour-stormsriver,0.00047036688617121356
473,colour-provincial,0.00047036688617121356
472,colonial-relax,0.00047036688617121356
471,colonial-instago,0.00047036688617121356
470,cold-wet,0.00047036688617121356
495,crash-wait,0.00047036688617121356
496,crash-worth,0.00047036688617121356
497,crashing-river,0.00047036688617121356
510,crazy-windy,0.00047036688617121356
521,ct-tsistikammabridge,0.00047036688617121356
520,ct-national,0.00047036688617121356
518,crossing-lady,0.00047036688617121356
517,crossing-fear,0.00047036688617121356
516,crossing-day,0.00047036688617121356
515,cross-thing,0.00047036688617121356
514,cross-place,0.00047036688617121356
513,cross-life,0.00047036688617121356
512,crop-tough,0.00047036688617121356
511,crop-look,0.00047036688617121356
509,crazy-tsitsikamma,0.00047036688617121356
498,crashing-wave,0.00047036688617121356
508,crazy-tragedy,0.00047036688617121356
507,crazy-toomuchfun,0.00047036688617121356
506,crazy-thing,0.00047036688617121356
505,crazy-say,0.00047036688617121356
504,crazy-make,0.00047036688617121356
503,crazy-lady,0.00047036688617121356
502,crazy-everywhere,0.00047036688617121356
501,crazy-day,0.00047036688617121356
500,craycray-shesnotwell,0.00047036688617121356
499,craycray-night,0.00047036688617121356
579,day-tough,0.00047036688617121356
583,day-want,0.00047036688617121356
701,ein-kleines,0.00047036688617121356
642,dis-spent,0.00047036688617121356
672,dusk-trip,0.00047036688617121356
671,druewilliam-tsistikammabridge,0.00047036688617121356
670,druewilliam-road,0.00047036688617121356
668,drifting-soul,0.00047036688617121356
667,drifting-floating,0.00047036688617121356
666,dream-let,0.00047036688617121356
665,dream-kill,0.00047036688617121356
664,dream-failure,0.00047036688617121356
663,dreadlock-instapost,0.00047036688617121356
662,dragmire-wait,0.00047036688617121356
661,doubt-kill,0.00047036688617121356
660,doubt-hakunamatata,0.00047036688617121356
659,doubt-exploregardenroute,0.00047036688617121356
658,dot-front,0.00047036688617121356
657,dominant-feared,0.00047036688617121356
656,dogstagram-pic,0.00047036688617121356
655,dogstagram-people,0.00047036688617121356
649,dive-tsitsikamma,0.00047036688617121356
648,disease-spread,0.00047036688617121356
647,disease-research,0.00047036688617121356
646,dischargeink-wilderness,0.00047036688617121356
645,dischargeink-linetable,0.00047036688617121356
644,discharge-see,0.00047036688617121356
673,dusk-tripping,0.00047036688617121356
674,early-morning,0.00047036688617121356
675,early-mushroom,0.00047036688617121356
690,eastern-tripping,0.00047036688617121356
700,ein-kann,0.00047036688617121356
699,ego-world,0.00047036688617121356
698,eerste-maand,0.00047036688617121356
697,een-maand,0.00047036688617121356
696,edmfamily-trancefamily,0.00047036688617121356
695,edmfamily-freespirit,0.00047036688617121356
694,echt-voorbij,0.00047036688617121356
693,echt-maand,0.00047036688617121356
692,easy-trail,0.00047036688617121356
691,easy-feel,0.00047036688617121356
689,eastern-sister,0.00047036688617121356
676,early-picture,0.00047036688617121356
688,eastcoast-spent,0.00047036688617121356
686,eastcape-tsitzikama,0.00047036688617121356
685,eastcape-instagramhub,0.00047036688617121356
684,earthquake-nepal,0.00047036688617121356
683,earthquake-gutted,0.00047036688617121356
682,earth-trail,0.00047036688617121356
681,earth-nature,0.00047036688617121356
679,earth-holiday,0.00047036688617121356
678,earth-foreversouthafrica,0.00047036688617121356
677,early-trail,0.00047036688617121356
643,discharge-print,0.00047036688617121356
641,dis-lekker,0.00047036688617121356
584,day-well,0.00047036688617121356
640,dip-little,0.00047036688617121356
608,dia-doi,0.00047036688617121356
607,deu-pra,0.00047036688617121356
606,deu-ma,0.00047036688617121356
605,detectahotel-pangeatrails,0.00047036688617121356
604,descubraafricadosul-pangeatrails,0.00047036688617121356
603,descubraafricadosul-mar,0.00047036688617121356
602,der-wellen,0.00047036688617121356
601,der-waterfall,0.00047036688617121356
600,den-von,0.00047036688617121356
599,deliberately-make,0.00047036688617121356
598,deliberately-going,0.00047036688617121356
597,defined-term,0.00047036688617121356
596,defined-existence,0.00047036688617121356
595,deephouse-port,0.00047036688617121356
594,deephouse-godeeporgohome,0.00047036688617121356
592,deep-love,0.00047036688617121356
591,decided-repeat,0.00047036688617121356
590,decided-myfatyogi,0.00047036688617121356
589,death-tempting,0.00047036688617121356
588,death-shadow,0.00047036688617121356
587,death-like,0.00047036688617121356
586,death-get,0.00047036688617121356
585,day-wild,0.00047036688617121356
609,dia-em,0.00047036688617121356
610,die-dingen,0.00047036688617121356
611,die-eerste,0.00047036688617121356
629,die-sondern,0.00047036688617121356
639,dip-lagoon,0.00047036688617121356
638,dingen-mooie,0.00047036688617121356
637,dieser-reise,0.00047036688617121356
636,die-wind,0.00047036688617121356
635,die-waar,0.00047036688617121356
634,die-vuurtjie,0.00047036688617121356
633,die-voor,0.00047036688617121356
632,die-vir,0.00047036688617121356
631,die-tye,0.00047036688617121356
630,die-trotseer,0.00047036688617121356
628,die-sis,0.00047036688617121356
612,die-eine,0.00047036688617121356
627,die-selfie,0.00047036688617121356
624,die-peach,0.00047036688617121356
623,die-ouma,0.00047036688617121356
622,die-nicht,0.00047036688617121356
621,die-n,0.00047036688617121356
618,die-lage,0.00047036688617121356
617,die-knysnabos,0.00047036688617121356
616,die-klein,0.00047036688617121356
615,die-hier,0.00047036688617121356
613,die-foto,0.00047036688617121356
1795,zijn-zuidafrika,0.00047036688617121356
